DROP TABLE MEMBER CASCADE CONSTRAINTS PURGE;
DROP TABLE CABANG CASCADE CONSTRAINTS PURGE;
DROP TABLE JABATAN CASCADE CONSTRAINTS PURGE;
DROP TABLE ABSENSI CASCADE CONSTRAINTS PURGE;
DROP TABLE MENU CASCADE CONSTRAINTS PURGE;
DROP TABLE MENU_TENNANT CASCADE CONSTRAINTS PURGE;
DROP TABLE HTRANS CASCADE CONSTRAINTS PURGE;
DROP TABLE DTRANS CASCADE CONSTRAINTS PURGE;
DROP TABLE PEGAWAI CASCADE CONSTRAINTS PURGE;
DROP TABLE PROMO CASCADE CONSTRAINTS PURGE;
DROP TABLE TENNANT CASCADE CONSTRAINTS PURGE;


CREATE TABLE MEMBER(
	ID_MEMBER VARCHAR2(5) CONSTRAINT PK_MEMBER PRIMARY KEY,
	NAMA_MEMBER VARCHAR2(50),
	TGLLAHIR_MEMBER DATE,
	NOHP_MEMBER VARCHAR2(13)
);

CREATE TABLE CABANG(
	ID_CABANG VARCHAR2(3) CONSTRAINT PK_CABANG PRIMARY KEY,
	NAMA_CABANG VARCHAR2(50),
	ALAMAT_CABANG VARCHAR2(50),
	TELP_CABANG VARCHAR2(13)
);

CREATE TABLE JABATAN(
	ID_JABATAN VARCHAR2(2) CONSTRAINT PK_JABATAN PRIMARY KEY,
	NAMA_JABATAN VARCHAR2(16),
	GAJI_POKOK NUMBER(8)
);

CREATE TABLE PEGAWAI(
	ID_PEGAWAI VARCHAR2(5) CONSTRAINT PK_PEGAWAI PRIMARY KEY,
	NAMA_PEGAWAI VARCHAR2(50),
	PASS_PEGAWAI VARCHAR2(12),
	TGLLAHIR_PEGAWAI DATE,
	NOHP_PEGAWAI VARCHAR2(13),
	JABATAN_PEGAWAI VARCHAR2(2) CONSTRAINT FK_JABATAN_PEGAWAI REFERENCES JABATAN(ID_JABATAN),
	CABANG_PEGAWAI VARCHAR2(3) CONSTRAINT FK_CABANG_PEGAWAI REFERENCES CABANG(ID_CABANG)
);

CREATE TABLE ABSENSI(
	ID_PEGAWAI VARCHAR2(5) CONSTRAINT FK_ABSENSI_PEGAWAI REFERENCES PEGAWAI(ID_PEGAWAI),
	TGL_ABSENSI DATE,
	JAM_MASUK DATE,
	JAM_KELUAR DATE,
	CONSTRAINT PK_ABSENSI PRIMARY KEY (ID_PEGAWAI, TGL_ABSENSI)
);

CREATE TABLE TENNANT(
	ID_TENNANT VARCHAR2(7) CONSTRAINT PK_TENNANT PRIMARY KEY,
	NAMA_TENNANT VARCHAR2(30),
	ID_CABANG VARCHAR2(3) CONSTRAINT FK_ID_CABANG REFERENCES CABANG(ID_CABANG)
);

CREATE TABLE MENU(
	ID_MENU VARCHAR2(5) CONSTRAINT PK_MENU PRIMARY KEY,
	NAMA_MENU VARCHAR2(50),
	DESKRIPSI_MENU VARCHAR2(120) NULL
);

CREATE TABLE MENU_TENNANT(
	ID_MENU VARCHAR2(5) CONSTRAINT FK_MENU REFERENCES MENU(ID_MENU),
	ID_TENNANT VARCHAR2(7) CONSTRAINT FK_CABANG_MENU REFERENCES TENNANT(ID_TENNANT),
	HARGA_MENU NUMBER(7),
	CONSTRAINT PK_MENU_TENNANT PRIMARY KEY (ID_MENU, ID_TENNANT)
);

CREATE TABLE HTRANS(
	ID_TRANS VARCHAR2(15) CONSTRAINT PK_TRANS PRIMARY KEY,
	WAKTU_TRANS DATE,
	TOTAL_TRANS NUMBER(10),
	ID_PROMO VARCHAR2(6),
	ID_MEMBER VARCHAR2(5),
	ID_KASIR VARCHAR2(5) CONSTRAINT FK_PEGAWAI_TRANS REFERENCES PEGAWAI(ID_PEGAWAI)
);

CREATE TABLE DTRANS(
	ID_TRANS VARCHAR2(15) CONSTRAINT FK_TRANS REFERENCES HTRANS(ID_TRANS),
	ID_MENU VARCHAR2(5) CONSTRAINT FK_MENU_DTRANS REFERENCES MENU(ID_MENU),
	ID_TENNANT VARCHAR2(7) CONSTRAINT FK_TENNANT_DTRANS REFERENCES TENNANT(ID_TENNANT),
	JML_MENU NUMBER(3),
	HARGA_MENU NUMBER(7),
	CONSTRAINT PK_DTRANS PRIMARY KEY (ID_TRANS, ID_MENU)
);

CREATE TABLE PROMO(
	ID_PROMO VARCHAR2(6) CONSTRAINT PK_PROMO PRIMARY KEY,
	TITLE_PROMO VARCHAR2(30),
	JML_PROMO NUMBER (6)
);



INSERT INTO MEMBER VALUES('GL001','George Lin',to_date('12/3/1998','dd/mm/yyyy'),'081222638187');
INSERT INTO MEMBER VALUES('IC001','Ian Clarkson',to_date('26/1/1995','dd/mm/yyyy'),'081328491642');
INSERT INTO MEMBER VALUES('JB001','Jordan Bernard',to_date('01/8/1999','dd/mm/yyyy'),'081482361835');
INSERT INTO MEMBER VALUES('UM001','Ursula Marie',to_date('08/7/1998','dd/mm/yyyy'),'081628402712');
INSERT INTO MEMBER VALUES('LI001','Lindt',to_date('19/11/1997','dd/mm/yyyy'),'081124174936');
INSERT INTO MEMBER VALUES('MV001','Mario Venere',to_date('20/09/2000','dd/mm/yyyy'),'081648938165');
INSERT INTO MEMBER VALUES('GL002','Glenn',to_date('17/7/1997','dd/mm/yyyy'),'081773625389');


INSERT INTO CABANG VALUES('T01','TUNJUNGAN PLAZA','JL. JENDERAL BASUKI RACHMAT','081224556988');

INSERT INTO JABATAN VALUES('M1','MANAGER',30000000);
INSERT INTO JABATAN VALUES('K1','KOKI',12000500);
INSERT INTO JABATAN VALUES('M2','MARKETING',10800000);
INSERT INTO JABATAN VALUES('B1','BARTENDER',9700000);
INSERT INTO JABATAN VALUES('K2','KASIR',3100000);
INSERT INTO JABATAN VALUES('P1','PELAYAN',3400000);
INSERT INTO JABATAN VALUES('C1','CLEANING SERVICE',2300000);

INSERT INTO PEGAWAI VALUES('NR001','Nat Reinard', 'natrei1',to_date('25/9/1991','dd/mm/yyyy'),'081846298165','M1','T01');
INSERT INTO PEGAWAI VALUES('HR001','Heron Reese', 'hrhero',to_date('18/7/1994','dd/mm/yyyy'),'081736251947','M2','T01');
INSERT INTO PEGAWAI VALUES('BT001','Bree Taylor', 'breeezey',to_date('05/6/1997','dd/mm/yyyy'),'081645353777','M2','T01');
INSERT INTO PEGAWAI VALUES('JK001','Jeremiah Kennard', 'miahthebar',to_date('13/12/1998','dd/mm/yyyy'),'081777888625','B1','T01');
INSERT INTO PEGAWAI VALUES('NN001','Nerlens Nivuna', 'doublen2',to_date('19/1/1998','dd/mm/yyyy'),'081827198223','K1','T01');
INSERT INTO PEGAWAI VALUES('PR001','Priya Raachak', 'priya555',to_date('11/3/1998','dd/mm/yyyy'),'081009874986','K1','T01');
INSERT INTO PEGAWAI VALUES('RD001','Rezno Dmitriy', 'reztherus',to_date('16/4/1999','dd/mm/yyyy'),'081778465321','K1','T01');
INSERT INTO PEGAWAI VALUES('PD001','Pablo DiMaria', 'pabs96',to_date('19/8/1996','dd/mm/yyyy'),'081253618726','K2','T01');
INSERT INTO PEGAWAI VALUES('HP001','Hendry Pratama', '1pratama1',to_date('28/10/1996','dd/mm/yyyy'),'081554928742','K2','T01');
INSERT INTO PEGAWAI VALUES('JH001','Juan Hernandez', 'juanher001',to_date('09/1/1999','dd/mm/yyyy'),'081892054015','P1','T01');
INSERT INTO PEGAWAI VALUES('JO001','Joe', 'itsjustjoe',to_date('24/5/1998','dd/mm/yyyy'),'081097489501','P1','T01');
INSERT INTO PEGAWAI VALUES('KR001','Klein Rufus', 'cleanklein',to_date('26/11/1997','dd/mm/yyyy'),'081876382372','P1','T01');
INSERT INTO PEGAWAI VALUES('BS001','Bambang Satriyo', 'bambambang',to_date('1/12/1999','dd/mm/yyyy'),'081602904713','C1','T01');
INSERT INTO PEGAWAI VALUES('MK001','Mahatir Khana', 'indianhwer',to_date('23/2/1998','dd/mm/yyyy'),'081293510573','C1','T01');

INSERT INTO ABSENSI VALUES('NR001', TO_DATE('01/09/2019','DD/MM/YYYY'), TO_DATE('06:03:52','HH24:Mi:SS'), TO_DATE('13:14:35','HH24:Mi:SS'));
INSERT INTO ABSENSI VALUES('BT001', TO_DATE('01/09/2019','DD/MM/YYYY'), TO_DATE('06:40:25','HH24:Mi:SS'), TO_DATE('12:54:38','HH24:Mi:SS'));
INSERT INTO ABSENSI VALUES('JK001', TO_DATE('01/09/2019','DD/MM/YYYY'), TO_DATE('06:12:51','HH24:Mi:SS'), TO_DATE('12:32:25','HH24:Mi:SS'));
INSERT INTO ABSENSI VALUES('NN001', TO_DATE('01/09/2019','DD/MM/YYYY'), TO_DATE('07:10:35','HH24:Mi:SS'), TO_DATE('13:07:33','HH24:Mi:SS'));
INSERT INTO ABSENSI VALUES('PR001', TO_DATE('01/09/2019','DD/MM/YYYY'), TO_DATE('07:51:57','HH24:Mi:SS'), TO_DATE('12:33:55','HH24:Mi:SS'));
INSERT INTO ABSENSI VALUES('PD001', TO_DATE('01/09/2019','DD/MM/YYYY'), TO_DATE('07:06:04','HH24:Mi:SS'), TO_DATE('13:15:04','HH24:Mi:SS'));
INSERT INTO ABSENSI VALUES('HP001', TO_DATE('01/09/2019','DD/MM/YYYY'), TO_DATE('07:39:31','HH24:Mi:SS'), TO_DATE('13:03:29','HH24:Mi:SS'));
INSERT INTO ABSENSI VALUES('NR001', TO_DATE('02/09/2019','DD/MM/YYYY'), TO_DATE('06:13:57','HH24:Mi:SS'), TO_DATE('13:29:00','HH24:Mi:SS'));
INSERT INTO ABSENSI VALUES('HR001', TO_DATE('02/09/2019','DD/MM/YYYY'), TO_DATE('06:01:01','HH24:Mi:SS'), TO_DATE('12:21:04','HH24:Mi:SS'));
INSERT INTO ABSENSI VALUES('JK001', TO_DATE('02/09/2019','DD/MM/YYYY'), TO_DATE('06:21:15','HH24:Mi:SS'), TO_DATE('13:13:55','HH24:Mi:SS'));
INSERT INTO ABSENSI VALUES('RD001', TO_DATE('02/09/2019','DD/MM/YYYY'), TO_DATE('06:46:17','HH24:Mi:SS'), TO_DATE('12:22:28','HH24:Mi:SS'));
INSERT INTO ABSENSI VALUES('NN001', TO_DATE('02/09/2019','DD/MM/YYYY'), TO_DATE('06:44:11','HH24:Mi:SS'), TO_DATE('13:48:20','HH24:Mi:SS'));
INSERT INTO ABSENSI VALUES('PD001', TO_DATE('02/09/2019','DD/MM/YYYY'), TO_DATE('06:31:58','HH24:Mi:SS'), TO_DATE('13:36:55','HH24:Mi:SS'));
INSERT INTO ABSENSI VALUES('JO001', TO_DATE('02/09/2019','DD/MM/YYYY'), TO_DATE('07:50:35','HH24:Mi:SS'), TO_DATE('12:36:28','HH24:Mi:SS'));
INSERT INTO ABSENSI VALUES('NR001', TO_DATE('03/09/2019','DD/MM/YYYY'), TO_DATE('06:51:28','HH24:Mi:SS'), TO_DATE('12:50:31','HH24:Mi:SS'));
INSERT INTO ABSENSI VALUES('JK001', TO_DATE('03/09/2019','DD/MM/YYYY'), TO_DATE('06:34:21','HH24:Mi:SS'), TO_DATE('12:32:51','HH24:Mi:SS'));
INSERT INTO ABSENSI VALUES('NN001', TO_DATE('03/09/2019','DD/MM/YYYY'), TO_DATE('06:16:28','HH24:Mi:SS'), TO_DATE('13:22:54','HH24:Mi:SS'));
INSERT INTO ABSENSI VALUES('PR001', TO_DATE('03/09/2019','DD/MM/YYYY'), TO_DATE('06:37:03','HH24:Mi:SS'), TO_DATE('12:17:42','HH24:Mi:SS'));
INSERT INTO ABSENSI VALUES('JO001', TO_DATE('03/09/2019','DD/MM/YYYY'), TO_DATE('07:29:36','HH24:Mi:SS'), TO_DATE('13:17:25','HH24:Mi:SS'));
INSERT INTO ABSENSI VALUES('BS001', TO_DATE('03/09/2019','DD/MM/YYYY'), TO_DATE('07:00:52','HH24:Mi:SS'), TO_DATE('12:42:09','HH24:Mi:SS'));
INSERT INTO ABSENSI VALUES('MK001', TO_DATE('03/09/2019','DD/MM/YYYY'), TO_DATE('07:34:02','HH24:Mi:SS'), TO_DATE('12:59:36','HH24:Mi:SS'));
INSERT INTO ABSENSI VALUES('NR001', TO_DATE('04/09/2019','DD/MM/YYYY'), TO_DATE('05:02:02','HH24:Mi:SS'), TO_DATE('13:28:22','HH24:Mi:SS'));
INSERT INTO ABSENSI VALUES('PD001', TO_DATE('04/09/2019','DD/MM/YYYY'), TO_DATE('06:47:42','HH24:Mi:SS'), TO_DATE('12:55:21','HH24:Mi:SS'));
INSERT INTO ABSENSI VALUES('RD001', TO_DATE('04/09/2019','DD/MM/YYYY'), TO_DATE('06:28:09','HH24:Mi:SS'), TO_DATE('13:12:40','HH24:Mi:SS'));
INSERT INTO ABSENSI VALUES('NN001', TO_DATE('04/09/2019','DD/MM/YYYY'), TO_DATE('06:41:21','HH24:Mi:SS'), TO_DATE('12:13:03','HH24:Mi:SS'));
INSERT INTO ABSENSI VALUES('JO001', TO_DATE('04/09/2019','DD/MM/YYYY'), TO_DATE('06:19:14','HH24:Mi:SS'), TO_DATE('13:37:00','HH24:Mi:SS'));
INSERT INTO ABSENSI VALUES('MK001', TO_DATE('04/09/2019','DD/MM/YYYY'), TO_DATE('07:08:31','HH24:Mi:SS'), TO_DATE('13:55:19','HH24:Mi:SS'));
INSERT INTO ABSENSI VALUES('BS001', TO_DATE('04/09/2019','DD/MM/YYYY'), TO_DATE('07:19:33','HH24:Mi:SS'), TO_DATE('13:07:54','HH24:Mi:SS'));

INSERT INTO TENNANT VALUES('PR01T01','PEPSI RESERVOIR','T01');
INSERT INTO TENNANT VALUES('NG01T01','NGOCOL','T01');
INSERT INTO TENNANT VALUES('PJ01T01','PANGSIT MIE JAGARAGA','T01');
INSERT INTO TENNANT VALUES('KF01T01','KFC','T01');
INSERT INTO TENNANT VALUES('RS01T01','RM SEDERHANA','T01');
INSERT INTO TENNANT VALUES('AM01T01','AYAM GORENG MAMA','T01');

INSERT INTO MENU VALUES('PE001','Pepsi','Segelas pepsi');
INSERT INTO MENU VALUES('CO001','Coca-Cola','Segelas coca-cola');
INSERT INTO MENU VALUES('DO001','Doritos','Sebungkus doritos');
INSERT INTO MENU VALUES('AM001','Air mineral','Segelas air mineral');
INSERT INTO MENU VALUES('FF001','French Fries','Semangkuk penuh french fries sebagai pelengkap hidangan utama');
INSERT INTO MENU VALUES('BA001','Batagor','Campuran tahu dan kentang yang dilumuri dengan tepung kemudian digoreng untuk menambah kelezatan');
INSERT INTO MENU VALUES('NA001','Nasi Ayam Goreng','Nikmati kelezatan ayam goreng KFC dengan menu yang tersimpel');
INSERT INTO MENU VALUES('BA002','Burger Ayam','Burger dengan isian ayam goreng khas KFC');
INSERT INTO MENU VALUES('SB001','Spaghetti Bolognese','Spaghetti dengan bumbu yang asli berasal dari italia');
INSERT INTO MENU VALUES('NG001','Nasi Goreng Ayam','Nasi goreng dengan ayam yang diracik secara spesial');
INSERT INTO MENU VALUES('NG002','Nasi Goreng Sosis','Nasi goreng dengan sosis sapi olahan Ngocol');
INSERT INTO MENU VALUES('NR001','Nasi Rendang','Nikmati hidangan terlezat di dunia');
INSERT INTO MENU VALUES('NA002','Nasi Ayam Goreng Mama','Nikmati kelezatan ayam goreng resep asli Mama');
INSERT INTO MENU VALUES('MT001','Mie Tuban','Mie khas Tuban dengan ayam kering atau kuah ala mister');

INSERT INTO MENU_TENNANT VALUES('PE001','PR01T01',5000);
INSERT INTO MENU_TENNANT VALUES('CO001','PR01T01',5000);
INSERT INTO MENU_TENNANT VALUES('DO001','PR01T01',11000);
INSERT INTO MENU_TENNANT VALUES('AM001','PR01T01',3000);
INSERT INTO MENU_TENNANT VALUES('FF001','KF01T01',10000);
INSERT INTO MENU_TENNANT VALUES('BA001','PR01T01',9000);
INSERT INTO MENU_TENNANT VALUES('NA001','KF01T01',22000);
INSERT INTO MENU_TENNANT VALUES('BA002','KF01T01',18000);
INSERT INTO MENU_TENNANT VALUES('SB001','KF01T01',16000);
INSERT INTO MENU_TENNANT VALUES('NG001','NG01T01',15000);
INSERT INTO MENU_TENNANT VALUES('NG002','NG01T01',12500);
INSERT INTO MENU_TENNANT VALUES('NR001','RS01T01',20000);
INSERT INTO MENU_TENNANT VALUES('NA002','AM01T01',21000);
INSERT INTO MENU_TENNANT VALUES('MT001','PJ01T01',20000);

INSERT INTO HTRANS VALUES('01092019T010001', TO_DATE('01/09/2019 08:12:40', 'DD/MM/YYYY HH24:Mi:SS'), 70000, 'P-0006', 'JB001', 'HP001');
INSERT INTO HTRANS VALUES('01092019T010002', TO_DATE('01/09/2019 09:34:04', 'DD/MM/YYYY HH24:Mi:SS'), 230000, 'P-0008', 'GL001', 'HP001');
INSERT INTO HTRANS VALUES('02092019T010001', TO_DATE('02/09/2019 08:56:11', 'DD/MM/YYYY HH24:Mi:SS'), 150000, 'P-0004', 'IC001', 'PD001');
INSERT INTO HTRANS VALUES('03092019T010001', TO_DATE('03/09/2019 09:22:47', 'DD/MM/YYYY HH24:Mi:SS'), 55000, 'P-0009', 'LI001', 'HP001');
INSERT INTO HTRANS VALUES('03092019T010002', TO_DATE('03/09/2019 10:31:05', 'DD/MM/YYYY HH24:Mi:SS'), 30000, 'P-0003', 'UM001', 'PD001');
INSERT INTO HTRANS VALUES('04092019T010001', TO_DATE('04/09/2019 08:52:39', 'DD/MM/YYYY HH24:Mi:SS'), 45000, 'P-0001', 'LI001', 'PD001');
INSERT INTO HTRANS VALUES('04092019T010002', TO_DATE('04/09/2019 09:03:15', 'DD/MM/YYYY HH24:Mi:SS'), 43000, 'P-0002', 'GL001', 'HP001');

INSERT INTO DTRANS VALUES('01092019T010001','PE001','PR01T01',2,5000);
INSERT INTO DTRANS VALUES('01092019T010001','FF001','KF01T01',2,10000);
INSERT INTO DTRANS VALUES('01092019T010001','NA001','KF01T01',1,22000);
INSERT INTO DTRANS VALUES('01092019T010001','BA002','KF01T01',1,18000);
INSERT INTO DTRANS VALUES('01092019T010002','PE001','PR01T01',3,5000);
INSERT INTO DTRANS VALUES('01092019T010002','CO001','PR01T01',2,5000);
INSERT INTO DTRANS VALUES('01092019T010002','AM001','PR01T01',2,3000);
INSERT INTO DTRANS VALUES('01092019T010002','BA001','PR01T01',3,9000);
INSERT INTO DTRANS VALUES('01092019T010002','NR001','RS01T01',5,20000);
INSERT INTO DTRANS VALUES('01092019T010002','BA002','KF01T01',4,18000);
INSERT INTO DTRANS VALUES('02092019T010001','AM001','PR01T01',5,3000);
INSERT INTO DTRANS VALUES('02092019T010001','FF001','KF01T01',4,10000);
INSERT INTO DTRANS VALUES('02092019T010001','NR001','RS01T01',2,20000);
INSERT INTO DTRANS VALUES('02092019T010001','SB001','KF01T01',1,16000);
INSERT INTO DTRANS VALUES('02092019T010001','BA002','KF01T01',1,18000);
INSERT INTO DTRANS VALUES('02092019T010001','NA002','AM01T01',1,21000);
INSERT INTO DTRANS VALUES('03092019T010001','CO001','PR01T01',3,5000);
INSERT INTO DTRANS VALUES('03092019T010001','NG002','NG01T01',2,12500);
INSERT INTO DTRANS VALUES('03092019T010001','NG001','NG01T01',1,15000);
INSERT INTO DTRANS VALUES('03092019T010002','PE001','PR01T01',2,5000);
INSERT INTO DTRANS VALUES('03092019T010002','FF001','KF01T01',2,10000);
INSERT INTO DTRANS VALUES('04092019T010001','PE001','PR01T01',1,5000);
INSERT INTO DTRANS VALUES('04092019T010001','NR001','RS01T01',2,20000);
INSERT INTO DTRANS VALUES('04092019T010002','AM001','PR01T01',1,3000);
INSERT INTO DTRANS VALUES('04092019T010002','FF001','KF01T01',4,10000);

INSERT INTO PROMO (ID_PROMO, TITLE_PROMO, JML_PROMO) VALUES ('P-0000', 'NO PROMO', 0);
INSERT INTO PROMO (ID_PROMO, TITLE_PROMO, JML_PROMO) VALUES ('P-0001', 'Potongan Kartu Kredit MANDIRI', 24);
INSERT INTO PROMO (ID_PROMO, TITLE_PROMO, JML_PROMO) VALUES ('P-0002', 'Cashback OVO 30%', 15);
INSERT INTO PROMO (ID_PROMO, TITLE_PROMO, JML_PROMO) VALUES ('P-0003', 'Cashback GO-PAY 10%', 30);
INSERT INTO PROMO (ID_PROMO, TITLE_PROMO, JML_PROMO) VALUES ('P-0004', 'Hari Ulang Tahun', 100);
INSERT INTO PROMO (ID_PROMO, TITLE_PROMO, JML_PROMO) VALUES ('P-0005', 'Potongan Pelajar', 45);
INSERT INTO PROMO (ID_PROMO, TITLE_PROMO, JML_PROMO) VALUES ('P-0006', 'Makan Sama Mantan', 10);
INSERT INTO PROMO (ID_PROMO, TITLE_PROMO, JML_PROMO) VALUES ('P-0007', 'Makan Sama Mertua', 7);
INSERT INTO PROMO (ID_PROMO, TITLE_PROMO, JML_PROMO) VALUES ('P-0008', 'Give Back to Parents', 80);
INSERT INTO PROMO (ID_PROMO, TITLE_PROMO, JML_PROMO) VALUES ('P-0009', 'Nilai UN Diatas 75', 10);
INSERT INTO PROMO (ID_PROMO, TITLE_PROMO, JML_PROMO) VALUES ('P-0010', 'Cashback Danaku 50%', 3);
INSERT INTO PROMO (ID_PROMO, TITLE_PROMO, JML_PROMO) VALUES ('P-0011', 'Pakai Sepatu Yeezy Red October', 5);

COMMIT;
